metric,value
input_rows_before_split_filter,40922
candidate_rows_used,40922
events_used,10560
split,all
pred_col,pred_dist_mm
truth_col,dist_candidate_minus_truth
same_candidate_id_count,6843
same_candidate_id_fraction,0.6480113636363637
same_candidate_source_count,7129
same_candidate_source_fraction,0.6750946969696969
ml_true_rank_1_count,6843
ml_true_rank_1_fraction,0.6480113636363637
ml_true_rank_le2_count,9240
ml_true_rank_le2_fraction,0.875
ml_true_rank_le3_count,10254
ml_true_rank_le3_fraction,0.9710227272727273
within_0mm_of_oracle_count,6843
within_0mm_of_oracle_fraction,0.6480113636363637
within_0p05mm_of_oracle_count,7396
within_0p05mm_of_oracle_fraction,0.7003787878787879
within_0p1mm_of_oracle_count,7843
within_0p1mm_of_oracle_fraction,0.7427083333333333
within_0p25mm_of_oracle_count,8771
within_0p25mm_of_oracle_fraction,0.8305871212121212
within_0p5mm_of_oracle_count,9549
within_0p5mm_of_oracle_fraction,0.9042613636363637
within_1mm_of_oracle_count,10051
within_1mm_of_oracle_fraction,0.9517992424242424
within_2mm_of_oracle_count,10313
within_2mm_of_oracle_fraction,0.9766098484848484
within_5mm_of_oracle_count,10446
within_5mm_of_oracle_fraction,0.9892045454545455
regret_gt_0p05mm_count,3164
regret_gt_0p05mm_fraction,0.2996212121212121
regret_gt_0p1mm_count,2717
regret_gt_0p1mm_fraction,0.25729166666666664
regret_gt_0p25mm_count,1789
regret_gt_0p25mm_fraction,0.16941287878787878
regret_gt_0p5mm_count,1011
regret_gt_0p5mm_fraction,0.09573863636363636
regret_gt_1mm_count,509
regret_gt_1mm_fraction,0.04820075757575758
regret_gt_2mm_count,247
regret_gt_2mm_fraction,0.023390151515151517
regret_gt_5mm_count,114
regret_gt_5mm_fraction,0.010795454545454546
oracle_true_dist_mm_n,10560
oracle_true_dist_mm_mean,1.405786846665656
oracle_true_dist_mm_median,0.5772925997255374
oracle_true_dist_mm_rms,5.825816603182989
oracle_true_dist_mm_min,0.019629146906791448
oracle_true_dist_mm_q16,0.26379457875362267
oracle_true_dist_mm_q68,0.8456907687803145
oracle_true_dist_mm_q84,1.3351045184857493
oracle_true_dist_mm_q90,1.8772716534290537
oracle_true_dist_mm_q95,3.54847659760859
oracle_true_dist_mm_q99,17.48547419594361
oracle_true_dist_mm_max,208.63502484598004
ml_true_dist_mm_n,10560
ml_true_dist_mm_mean,1.704610997361376
ml_true_dist_mm_median,0.6772166569014908
ml_true_dist_mm_rms,6.56287328862362
ml_true_dist_mm_min,0.019629146906791448
ml_true_dist_mm_q16,0.31031989532741
ml_true_dist_mm_q68,0.9960395849545056
ml_true_dist_mm_q84,1.5888453039989
ml_true_dist_mm_q90,2.3268912727192164
ml_true_dist_mm_q95,4.458244630107499
ml_true_dist_mm_q99,22.71458748491169
ml_true_dist_mm_max,208.63502484598004
regret_mm_n,10560
regret_mm_mean,0.2988241506957199
regret_mm_median,0.0
regret_mm_rms,1.7420558267799597
regret_mm_min,0.0
regret_mm_q16,0.0
regret_mm_q68,0.02843744390214117
regret_mm_q84,0.2745286143253626
regret_mm_q90,0.48043746820501276
regret_mm_q95,0.9547983308789662
regret_mm_q99,5.452759329289867
regret_mm_max,46.524225336229975
ml_pred_dist_mm_n,10560
ml_pred_dist_mm_mean,1.2361970547572185
ml_pred_dist_mm_median,0.6931413182565418
ml_pred_dist_mm_rms,2.5448487778808997
ml_pred_dist_mm_min,0.26742058334336183
ml_pred_dist_mm_q16,0.47793678724611166
ml_pred_dist_mm_q68,0.8867336602373959
ml_pred_dist_mm_q84,1.3472435691235813
ml_pred_dist_mm_q90,1.92657845924346
ml_pred_dist_mm_q95,3.521991531126932
ml_pred_dist_mm_q99,12.387388022385728
ml_pred_dist_mm_max,46.92957890711151
n_candidates_per_event_n,10560
n_candidates_per_event_mean,3.8751893939393938
n_candidates_per_event_median,3.0
n_candidates_per_event_rms,4.231801500471629
n_candidates_per_event_min,1.0
n_candidates_per_event_q16,3.0
n_candidates_per_event_q68,3.0
n_candidates_per_event_q84,7.0
n_candidates_per_event_q90,7.0
n_candidates_per_event_q95,7.0
n_candidates_per_event_q99,7.0
n_candidates_per_event_max,13.0
