event,n_candidates,oracle_candidate_id,ml_candidate_id,oracle_candidate_source,ml_candidate_source,oracle_true_dist_mm,ml_true_dist_mm,regret_mm,ml_pred_dist_mm,oracle_pred_dist_mm,ml_true_rank_in_event
4318,2,1,0,bmeleton_final_refit_vertex,bmeleton_merged_intersection,127.66990213520556,174.19412747143554,46.524225336229975,23.350321089789208,26.60307334508556,2.0
1009632,2,1,0,bmeleton_final_refit_vertex,bmeleton_merged_intersection,2.729486876071863,43.31969927027568,40.59021239420382,9.5456915068451,10.739807920371234,2.0
6370,3,0,2,bmeleton_merged_intersection,bmeleton_final_refit_vertex,13.572317157836196,53.24649232935934,39.674175171523146,8.43328165942758,9.363805697892415,3.0
2002034,2,1,0,bmeleton_final_refit_vertex,bmeleton_merged_intersection,3.264342089090246,38.594502673586135,35.330160584495886,5.5337317386828,16.92772406111734,2.0
1008440,2,0,1,bmeleton_merged_intersection,bmeleton_final_refit_vertex,1.8440657567232188,33.251260491144144,31.407194734420926,17.494030518890696,26.74573008010531,2.0
2006274,3,1,2,bmeleton_merged_pivot_refit_both,bmeleton_final_refit_vertex,11.856422512053028,42.3431639126984,30.48674140064537,3.661389802198228,6.253072257314003,3.0
6816,3,1,2,bmeleton_merged_pivot_refit_both,bmeleton_final_refit_vertex,9.333474799731217,39.278012870626185,29.944538070894968,10.140122035163426,10.162793036308774,3.0
2005917,2,0,1,bmeleton_merged_intersection,bmeleton_final_refit_vertex,42.785580111277945,72.69989131540298,29.914311204125035,20.803954973705537,21.7883980312553,2.0
1007474,3,1,2,bmeleton_merged_pivot_refit_both,bmeleton_final_refit_vertex,0.7153006760525853,29.189651516277745,28.47435084022516,3.934516135495108,10.121521517318524,3.0
2004843,3,2,1,bmeleton_final_refit_vertex,bmeleton_merged_pivot_refit_both,1.7729770768071451,30.119963432966795,28.34698635615965,10.567740330492398,15.665507029892275,2.0
1003836,2,0,1,bmeleton_merged_intersection,bmeleton_final_refit_vertex,46.570546231124105,73.35300632670078,26.782460095576674,33.28318261022374,36.96392933156418,2.0
5782,3,1,2,bmeleton_merged_pivot_refit_both,bmeleton_final_refit_vertex,1.7345609280918723,27.36366851640894,25.629107588317066,2.6444167197944064,9.678618060597426,3.0
1008426,3,1,2,bmeleton_merged_pivot_refit_both,bmeleton_final_refit_vertex,3.445167350380532,28.677168246010947,25.232000895630414,4.56798254684824,7.990498822732193,3.0
1002446,3,0,2,bmeleton_merged_intersection,bmeleton_final_refit_vertex,14.273600657085938,39.42299849033729,25.149397833251356,10.51583798550142,14.247092561378427,3.0
1007071,3,1,0,bmeleton_merged_pivot_refit_both,bmeleton_merged_intersection,67.839248665899,92.62022366382375,24.780974997924744,14.788703383034134,15.137050213234847,2.0
1001408,2,1,0,bmeleton_merged_pivot_refit_both,bmeleton_merged_intersection,42.332402236161926,66.80298800180925,24.47058576564733,40.36352505833588,40.510340527663715,2.0
2007831,3,0,1,bmeleton_merged_intersection,bmeleton_merged_pivot_refit_both,77.98368484672359,101.94725070276024,23.963565856036652,19.98908227776733,20.467743565194983,3.0
1003882,2,0,1,bmeleton_merged_intersection,bmeleton_final_refit_vertex,29.03620958644465,52.06461901607605,23.028409429631402,25.691854152720953,32.4479948810568,2.0
1005658,3,0,2,bmeleton_merged_intersection,bmeleton_final_refit_vertex,3.7580071615710113,26.62325815482172,22.865250993250708,3.3216392876285483,13.250070544211338,3.0
2007137,3,2,1,bmeleton_final_refit_vertex,bmeleton_merged_pivot_refit_both,12.658934988660828,35.20028227683917,22.54134728817834,14.190201072171906,17.305178882573493,2.0
2001079,2,0,1,bmeleton_merged_intersection,bmeleton_final_refit_vertex,7.422424624543981,29.30898613796068,21.886561513416698,12.766250818657568,13.5080355520751,2.0
1000231,3,2,1,bmeleton_final_refit_vertex,bmeleton_merged_pivot_refit_both,3.821548758731737,24.049779466283308,20.22823070755157,7.460119553256128,27.37016634334217,2.0
1003076,3,1,2,bmeleton_merged_pivot_refit_both,bmeleton_final_refit_vertex,11.291257603800492,31.20194335883956,19.91068575503907,6.716079430918133,13.232427379177356,3.0
1006288,2,0,1,bmeleton_merged_intersection,bmeleton_final_refit_vertex,24.629857339907108,43.76343500630644,19.13357766639933,15.427081616227774,19.438578004689226,2.0
2000785,2,0,1,bmeleton_merged_intersection,bmeleton_final_refit_vertex,22.87842890869739,41.46691197146646,18.58848306276907,5.552375159470777,8.941801932751549,2.0
458,3,0,2,bmeleton_merged_intersection,bmeleton_final_refit_vertex,5.20952303650535,23.57809010192377,18.36856706541842,17.205576009319557,17.637964025505234,3.0
3003224,3,1,2,bmeleton_merged_pivot_refit_both,bmeleton_final_refit_vertex,0.1717598909007185,18.075360483748085,17.903600592847365,6.844495023397127,7.503887535023756,3.0
1003548,3,0,2,bmeleton_merged_intersection,bmeleton_final_refit_vertex,1.9009281689290776,19.648582928309725,17.747654759380648,4.927342995856772,17.412894761106642,3.0
2005526,3,0,2,bmeleton_merged_intersection,bmeleton_final_refit_vertex,0.5132631498965676,18.109789142305655,17.596525992409088,1.5982842623805549,7.073945950524641,3.0
1009648,3,1,2,bmeleton_merged_pivot_refit_both,bmeleton_final_refit_vertex,3.0165491947136784,20.609410362328447,17.592861167614767,6.477818302553833,11.09331946159342,3.0
2008736,3,1,2,bmeleton_merged_pivot_refit_both,bmeleton_final_refit_vertex,15.365052239448572,32.54003471825292,17.174982478804345,6.479981981246366,8.869410442939586,3.0
2008840,3,1,2,bmeleton_merged_pivot_refit_both,bmeleton_final_refit_vertex,17.248319314926704,34.15208139699692,16.903762082070216,7.820400069341778,8.083339765377762,3.0
1007876,3,0,2,bmeleton_merged_intersection,bmeleton_final_refit_vertex,9.861588780763434,26.421902681774,16.560313901010566,5.054256350569157,12.018203742292169,3.0
1002270,3,0,2,bmeleton_merged_intersection,bmeleton_final_refit_vertex,1.2623070772203175,16.551473551741193,15.289166474520876,3.9881636936848968,10.771565822855706,3.0
1006005,3,2,1,bmeleton_final_refit_vertex,bmeleton_merged_pivot_refit_both,8.546665164535648,23.59913655844257,15.052471393906922,5.889441629901441,7.073745507939284,3.0
1003053,3,1,2,bmeleton_merged_pivot_refit_both,bmeleton_final_refit_vertex,7.880520678080406,22.585849698532954,14.705329020452549,4.016995844104739,4.15289290548286,3.0
7021,3,1,2,bmeleton_merged_pivot_refit_both,bmeleton_final_refit_vertex,8.004895780230497,22.67953135278616,14.674635572555664,8.332922402155386,8.773982526463428,3.0
2558,3,1,2,bmeleton_merged_pivot_refit_both,bmeleton_final_refit_vertex,2.9973254797868667,17.66452320411581,14.667197724328943,2.7036147708781213,2.9774521753104146,3.0
2005051,3,1,2,bmeleton_merged_pivot_refit_both,bmeleton_final_refit_vertex,78.37271020621971,92.81964663167507,14.446936425455362,9.764980570482537,15.813567327201984,3.0
8904,3,0,2,bmeleton_merged_intersection,bmeleton_final_refit_vertex,7.036942941276581,21.21628947605598,14.179346534779398,4.44645410371983,13.607119683793073,3.0
1004193,3,0,2,bmeleton_merged_intersection,bmeleton_final_refit_vertex,4.420162142868392,18.56494849407762,14.144786351209227,2.2225417892201143,5.087800994993592,3.0
2007759,3,2,1,bmeleton_final_refit_vertex,bmeleton_merged_pivot_refit_both,20.16281749551144,34.12206201772818,13.959244522216743,12.780315236398673,17.052686183593462,2.0
2006597,3,1,2,bmeleton_merged_pivot_refit_both,bmeleton_final_refit_vertex,4.4193615897841125,18.34982342740068,13.930461837616566,14.49209290104518,15.838106182838981,2.0
1003714,3,1,2,bmeleton_merged_pivot_refit_both,bmeleton_final_refit_vertex,12.079390862770556,25.938282056782764,13.858891194012209,8.869543378798005,9.733891797499641,3.0
9619,3,0,2,bmeleton_merged_intersection,bmeleton_final_refit_vertex,1.7270509327120878,15.380576876852858,13.653525944140771,3.3902309920448452,6.859199666196681,3.0
1009490,3,1,2,bmeleton_merged_pivot_refit_both,bmeleton_final_refit_vertex,6.300103911272544,19.78972756195554,13.489623650682997,2.7052119162282047,11.329292231294511,3.0
3002295,3,2,1,bmeleton_final_refit_vertex,bmeleton_merged_pivot_refit_both,49.29321355894615,62.39943433923314,13.10622078028699,13.092788075777975,17.157910482885733,2.0
1003351,3,2,1,bmeleton_final_refit_vertex,bmeleton_merged_pivot_refit_both,10.883719358118668,23.27827004317591,12.394550685057244,12.499328175032003,13.87411883341999,2.0
8017,3,1,2,bmeleton_merged_pivot_refit_both,bmeleton_final_refit_vertex,1.3362409777765398,13.607742930797224,12.271501953020685,5.955478366909852,7.617967339420843,3.0
3758,2,0,1,bmeleton_merged_intersection,bmeleton_final_refit_vertex,92.39964608401155,104.63177710588495,12.2321310218734,26.06512258624839,36.43092711645063,2.0
