SiChan,DetectorID,Quadrant,assembly_x_mm,assembly_y_mm,assembly_z_mm,x_mm,y_mm,z_mm
1,3,top_left,0.0,-117.5,290.0,-12.5,-105.0,290.5
3,8,bottom_right,0.0,-56.0,290.5,12.5,-68.5,290.5
4,7,bottom_right,-61.5,-25.25,290.5,-49.0,-37.75,290.5
5,10,top_right,123.0,-25.5,290.5,135.5,-13.0,290.5
7,3,bottom_left,0.0,-117.5,290.0,-12.5,-130.0,290.5
9,8,top_right,0.0,-56.0,290.5,12.5,-43.5,290.5
10,7,top_right,-61.5,-25.25,290.5,-49.0,-12.75,290.5
12,10,top_left,123.0,-25.5,290.5,110.5,-13.0,290.5
14,3,bottom_right,0.0,-117.5,290.0,12.5,-130.0,290.5
16,8,top_left,0.0,-56.0,290.5,-12.5,-43.5,290.5
17,7,top_left,-61.5,-25.25,290.5,-74.0,-12.75,290.5
18,10,bottom_left,123.0,-25.5,290.5,110.5,-38.0,290.5
20,3,top_right,0.0,-117.5,290.0,12.5,-105.0,290.5
23,8,bottom_left,0.0,-56.0,290.5,-12.5,-68.5,290.5
24,7,bottom_left,-61.5,-25.25,290.5,-74.0,-37.75,290.5
25,10,bottom_right,123.0,-25.5,290.5,135.5,-38.0,290.5
27,2,top_left,-61.5,-86.75,290.5,-74.0,-74.25,290.5
29,6,top_right,-123.0,-25.5,290.5,-110.5,-13.0,290.5
31,5,top_right,123.0,-86.75,290.5,135.5,-74.25,290.5
33,2,bottom_left,-61.5,-86.75,290.5,-74.0,-99.25,290.5
35,6,top_left,-123.0,-25.5,290.5,-135.5,-13.0,290.5
37,5,top_left,123.0,-86.75,290.5,110.5,-74.25,290.5
39,2,bottom_right,-61.5,-86.75,290.5,-49.0,-99.25,290.5
41,6,bottom_left,-123.0,-25.5,290.5,-135.5,-38.0,290.5
43,5,bottom_left,123.0,-86.75,290.5,110.5,-99.25,290.5
46,2,top_right,-61.5,-86.75,290.5,-49.0,-74.25,290.5
48,6,bottom_right,-123.0,-25.5,290.5,-110.5,-38.0,290.5
50,5,bottom_right,123.0,-86.75,290.5,135.5,-99.25,290.5
52,1,top_right,-123.0,-86.75,290.5,-110.5,-74.25,290.5
54,9,bottom_right,61.5,-25.25,290.5,74.0,-37.75,290.5
57,1,top_left,-123.0,-86.75,290.5,-135.5,-74.25,290.5
59,9,top_right,61.5,-25.25,290.5,74.0,-12.75,290.5
61,1,bottom_left,-123.0,-86.75,290.5,-135.5,-99.25,290.5
63,9,top_left,61.5,-25.25,290.5,49.0,-12.75,290.5
65,1,bottom_right,-123.0,-86.75,290.5,-110.5,-99.25,290.5
67,9,bottom_left,61.5,-25.25,290.5,49.0,-37.75,290.5
