event,status,message,n_lines,n_candidates
5,ok,,2,3
25,ok,,3,7
26,ok,,2,3
29,ok,,2,3
30,ok,,2,3
41,ok,,2,3
45,ok,,2,3
47,ok,,3,7
48,ok,,2,3
65,ok,,2,3
67,ok,,2,3
81,ok,,2,3
82,ok,,2,3
89,ok,,2,3
97,ok,,2,3
101,ok,,3,7
102,ok,,3,7
103,ok,,3,7
108,ok,,2,3
110,ok,,2,3
122,ok,,2,3
123,ok,,2,3
127,ok,,2,3
129,ok,,2,3
146,ok,,2,3
147,ok,,2,3
178,ok,,3,7
185,ok,,3,7
198,ok,,2,3
233,ok,,2,2
238,ok,,3,7
244,ok,,2,3
245,ok,,3,7
246,ok,,2,3
250,ok,,2,3
258,ok,,2,2
270,ok,,2,3
271,ok,,2,3
281,ok,,2,3
286,ok,,3,7
295,ok,,2,3
310,ok,,3,6
311,ok,,2,3
313,ok,,2,3
333,ok,,2,3
353,ok,,2,3
361,ok,,2,3
362,ok,,2,3
392,ok,,3,7
403,ok,,2,3
442,ok,,2,3
453,ok,,3,7
470,ok,,2,3
506,ok,,2,2
513,ok,,2,3
519,ok,,2,3
523,ok,,2,3
530,ok,,3,7
549,ok,,2,3
560,ok,,2,3
567,ok,,2,3
572,ok,,2,3
580,ok,,2,3
590,ok,,2,2
593,ok,,3,7
599,ok,,2,3
602,ok,,3,5
603,ok,,2,3
606,ok,,2,3
614,ok,,2,3
618,ok,,2,2
627,ok,,2,3
629,ok,,2,2
639,ok,,2,3
643,ok,,2,3
654,ok,,2,3
664,ok,,2,3
668,ok,,2,3
674,ok,,2,3
676,ok,,3,7
677,ok,,3,7
678,ok,,2,3
685,ok,,2,2
689,ok,,2,3
722,ok,,2,3
723,ok,,2,3
731,ok,,2,3
746,ok,,2,3
748,ok,,2,3
763,ok,,2,3
767,ok,,2,3
777,ok,,2,3
785,ok,,3,7
787,ok,,2,3
792,ok,,3,7
793,ok,,2,3
803,ok,,3,7
809,ok,,2,3
815,ok,,2,3
828,ok,,2,3
829,ok,,2,3
835,ok,,2,2
836,ok,,2,2
838,ok,,2,3
844,ok,,2,3
845,ok,,2,3
865,ok,,2,2
868,ok,,2,3
875,ok,,2,3
887,ok,,2,3
899,ok,,2,3
904,ok,,3,7
931,ok,,2,3
941,ok,,2,3
955,ok,,2,3
966,ok,,2,3
969,ok,,3,7
971,ok,,3,6
978,ok,,2,3
982,ok,,2,3
992,ok,,2,3
1007,ok,,2,3
1014,ok,,3,7
1021,ok,,2,3
1022,ok,,2,3
1024,ok,,2,3
1040,ok,,2,3
1043,ok,,3,7
1048,ok,,2,3
1050,ok,,2,3
1056,ok,,2,3
1057,ok,,2,3
1059,ok,,2,3
1064,ok,,2,3
1069,ok,,3,7
1100,ok,,2,3
1110,ok,,2,3
1118,ok,,3,7
1132,ok,,2,3
1149,ok,,3,7
1151,ok,,2,3
1152,ok,,3,7
1153,ok,,2,3
1156,ok,,2,3
1173,ok,,2,3
1183,ok,,3,7
1207,ok,,2,3
1213,ok,,2,3
1228,ok,,2,3
1232,ok,,2,3
1248,ok,,2,3
1262,ok,,2,3
1265,ok,,3,7
1308,ok,,2,3
1309,ok,,2,3
1310,ok,,2,3
1335,ok,,2,3
1338,ok,,2,3
1362,ok,,2,3
1363,ok,,2,2
1374,ok,,2,2
1376,ok,,2,3
1383,ok,,2,3
1387,ok,,2,3
1390,ok,,2,3
1403,ok,,2,3
1404,ok,,2,3
1415,ok,,3,7
1446,ok,,3,6
1450,ok,,2,3
1454,ok,,2,3
1467,ok,,3,7
1473,ok,,3,7
1483,ok,,2,3
1489,ok,,2,3
1490,ok,,2,3
1492,ok,,2,3
1500,ok,,2,3
1528,ok,,2,3
1533,ok,,2,3
1534,ok,,2,3
1542,ok,,3,7
1547,ok,,2,3
1565,ok,,2,3
1599,ok,,2,3
1601,ok,,2,3
1608,ok,,2,3
1626,ok,,2,3
1668,ok,,2,2
1671,ok,,2,3
1673,ok,,2,3
1689,ok,,2,3
1692,ok,,3,7
1704,ok,,2,3
1716,ok,,2,3
1722,ok,,2,3
1733,ok,,2,2
1740,ok,,2,3
1749,ok,,2,3
1755,ok,,2,3
1760,ok,,2,3
1771,ok,,2,3
1797,ok,,2,2
1828,ok,,2,3
1832,ok,,3,7
1833,ok,,2,2
1853,ok,,2,3
1858,ok,,2,3
1880,ok,,2,3
1894,ok,,2,3
1906,ok,,2,3
1913,ok,,2,3
1922,ok,,2,3
1929,ok,,2,2
1937,ok,,2,2
1938,ok,,3,7
1952,ok,,2,3
1974,ok,,2,2
1985,ok,,3,5
1991,ok,,2,3
2004,ok,,2,3
2011,ok,,2,3
2015,ok,,2,3
2019,ok,,2,2
2024,ok,,2,3
2032,ok,,2,3
2037,ok,,3,7
2071,ok,,2,3
2073,ok,,2,3
2080,ok,,2,3
2082,ok,,2,2
2085,ok,,2,3
2090,ok,,2,3
2098,ok,,2,3
2099,ok,,2,2
2104,ok,,2,3
2109,ok,,2,3
2114,ok,,3,7
2143,ok,,2,2
2153,ok,,2,3
2158,ok,,2,3
2165,ok,,2,3
2179,ok,,2,3
2186,ok,,2,3
2187,ok,,3,7
2192,ok,,2,3
2193,ok,,2,2
2204,ok,,2,3
2216,ok,,3,7
2225,ok,,3,7
2230,ok,,3,6
2232,ok,,2,3
2243,ok,,2,3
2252,ok,,2,3
2261,ok,,2,3
2277,ok,,3,7
2279,ok,,2,2
2281,ok,,2,3
2285,ok,,2,3
2288,ok,,2,3
2291,ok,,2,3
2303,ok,,2,3
2307,ok,,2,3
2308,ok,,2,2
2312,ok,,2,3
2324,ok,,3,7
2330,ok,,2,2
2339,ok,,2,3
2341,ok,,2,3
2345,ok,,2,3
2353,ok,,2,3
2358,ok,,2,3
2361,ok,,2,3
2363,ok,,2,2
2385,ok,,2,3
2387,ok,,3,7
2402,ok,,2,2
2426,ok,,2,2
2436,ok,,2,3
2468,ok,,2,2
2470,ok,,2,3
2472,ok,,2,3
2478,ok,,2,3
2487,ok,,2,2
2489,ok,,3,7
2495,ok,,3,7
2501,ok,,2,3
2511,ok,,2,3
2516,ok,,2,3
2519,ok,,2,3
2562,ok,,2,3
2564,ok,,2,3
2571,ok,,2,3
2587,ok,,2,2
2588,ok,,3,7
2595,ok,,2,3
2612,ok,,2,3
2617,ok,,2,3
2623,ok,,2,3
2638,ok,,3,7
2648,ok,,2,3
2660,ok,,2,3
2661,ok,,2,3
2662,ok,,2,3
2681,ok,,2,3
2687,ok,,2,3
2697,ok,,2,3
2702,ok,,2,3
2726,ok,,2,3
2735,ok,,2,3
2738,ok,,2,3
2753,ok,,3,7
2755,ok,,3,7
2760,ok,,2,3
2776,ok,,2,3
2778,ok,,2,3
2782,ok,,2,2
2787,ok,,3,7
2800,ok,,3,7
2834,ok,,2,3
2835,ok,,2,3
2842,ok,,3,7
2868,ok,,2,3
2878,ok,,2,3
2892,ok,,2,3
2893,ok,,2,3
2894,ok,,2,3
2918,ok,,2,3
2935,ok,,2,3
2938,ok,,2,3
2953,ok,,3,7
2964,ok,,2,3
2967,ok,,2,3
2972,ok,,2,3
2973,ok,,2,3
2974,ok,,3,7
2983,ok,,2,3
2985,ok,,2,3
2993,ok,,2,3
3012,ok,,2,3
3019,ok,,3,7
3021,ok,,2,3
3024,ok,,2,3
3030,ok,,2,3
3033,ok,,3,7
3043,ok,,2,2
3046,ok,,2,3
3048,ok,,2,3
3069,ok,,2,3
3071,ok,,2,2
3081,ok,,2,3
3086,ok,,2,3
3091,ok,,2,3
3092,ok,,2,3
3093,ok,,2,3
3103,ok,,2,3
3127,ok,,2,3
3129,ok,,2,3
3139,ok,,2,3
3154,ok,,2,3
3165,ok,,2,3
3176,ok,,2,2
3185,ok,,2,3
3191,ok,,2,3
3195,ok,,2,3
3202,ok,,2,3
3208,ok,,2,3
3222,ok,,2,3
3229,ok,,2,3
3232,ok,,2,3
3233,ok,,2,3
3249,ok,,2,3
3251,ok,,2,3
3255,ok,,2,2
3265,ok,,2,3
3268,ok,,2,3
3280,ok,,2,3
3284,ok,,3,7
3301,ok,,2,2
3321,ok,,2,3
3325,ok,,3,7
3335,ok,,2,3
3337,ok,,2,3
3350,ok,,2,3
3354,ok,,3,7
3362,ok,,2,3
3372,ok,,2,3
3392,ok,,3,7
3395,ok,,2,3
3412,ok,,2,3
3445,ok,,3,7
3470,ok,,2,3
3496,ok,,2,3
3501,ok,,2,2
3503,ok,,2,3
3516,ok,,2,3
3523,ok,,2,3
3530,ok,,2,3
3535,ok,,3,7
3537,ok,,2,3
3538,ok,,2,3
3543,ok,,2,3
3546,ok,,3,7
3548,ok,,2,3
3552,ok,,2,2
3554,ok,,2,3
3563,ok,,2,3
3564,ok,,2,3
3583,ok,,2,3
3600,ok,,2,3
3628,ok,,2,3
3630,ok,,2,3
3636,ok,,2,3
3643,ok,,2,3
3645,ok,,2,3
3656,ok,,2,3
3658,ok,,2,3
3660,ok,,2,3
3665,ok,,2,3
3672,ok,,2,3
3677,ok,,2,3
3680,ok,,2,3
3719,ok,,2,3
3727,ok,,2,3
3732,ok,,2,3
3761,ok,,2,3
3770,ok,,3,7
3773,ok,,3,7
3783,ok,,2,2
3784,ok,,2,3
3812,ok,,2,3
3817,ok,,2,3
3839,ok,,2,3
3842,ok,,2,3
3852,ok,,2,3
3862,ok,,2,3
3866,ok,,2,3
3868,ok,,2,2
3873,ok,,2,3
3889,ok,,2,3
3893,ok,,2,3
3902,ok,,2,3
3907,ok,,2,3
3914,ok,,2,3
3922,ok,,2,3
3927,ok,,2,3
3929,ok,,2,3
3939,ok,,2,3
3943,ok,,2,3
3950,ok,,2,3
3957,ok,,2,3
3962,ok,,2,3
3978,ok,,3,7
3989,ok,,2,3
3998,ok,,3,6
4009,ok,,2,3
4027,ok,,2,3
4035,ok,,3,7
4050,ok,,2,3
4054,ok,,2,2
4056,ok,,2,3
4075,ok,,3,7
4092,ok,,2,3
4094,ok,,2,3
4095,ok,,2,3
4100,ok,,2,2
4106,ok,,2,3
4107,ok,,2,3
4129,ok,,2,2
4134,ok,,3,7
4145,ok,,3,7
4157,ok,,3,7
4170,ok,,2,3
4172,ok,,2,3
4187,ok,,2,3
4204,ok,,2,3
4239,ok,,2,3
4241,ok,,3,7
4242,ok,,2,3
4248,ok,,2,3
4262,ok,,2,3
4265,ok,,2,3
4276,ok,,2,3
4281,ok,,2,3
4282,ok,,2,3
4284,ok,,2,3
4286,ok,,2,3
4297,ok,,2,3
4302,ok,,2,3
4309,ok,,2,3
4319,ok,,2,3
4329,ok,,3,7
4331,ok,,2,3
4335,ok,,2,3
4337,ok,,2,2
4344,ok,,2,2
4347,ok,,2,3
4356,ok,,2,2
4359,ok,,2,3
4385,ok,,2,3
4419,ok,,2,3
4428,ok,,3,7
4431,ok,,2,3
4449,ok,,2,3
4460,ok,,3,7
4472,ok,,2,3
4474,ok,,3,7
4493,ok,,2,3
4498,ok,,3,7
4502,ok,,2,3
4507,ok,,2,3
4520,ok,,2,3
4528,ok,,3,7
4566,ok,,2,3
4571,ok,,2,2
4580,ok,,2,3
4592,ok,,3,7
4596,ok,,2,2
4597,ok,,2,3
4612,ok,,2,3
4626,ok,,3,7
4632,ok,,2,3
4642,ok,,2,2
4648,ok,,2,3
4650,ok,,2,3
4654,ok,,2,3
4659,ok,,2,3
4661,ok,,3,7
4667,ok,,2,3
4680,ok,,2,3
4686,ok,,2,3
4690,ok,,2,3
4709,ok,,2,3
4721,ok,,2,3
4735,ok,,2,3
4740,ok,,3,7
4743,ok,,2,2
4749,ok,,2,3
4758,ok,,2,2
4771,ok,,2,3
4786,ok,,2,3
4796,ok,,2,3
4799,ok,,2,3
4801,ok,,2,3
4805,ok,,2,3
4836,ok,,2,3
4837,ok,,2,3
4838,ok,,2,3
4845,ok,,2,3
4852,ok,,3,7
4868,ok,,2,3
4878,ok,,2,3
4895,ok,,2,3
4897,ok,,2,3
4917,ok,,3,7
4921,ok,,2,3
4924,ok,,2,3
4942,ok,,2,3
4949,ok,,2,2
4952,ok,,2,3
4953,ok,,2,3
4958,ok,,2,2
4960,ok,,2,3
4974,ok,,2,2
4976,ok,,2,3
4985,ok,,2,3
4989,ok,,2,2
5003,ok,,2,3
5009,ok,,2,3
5014,ok,,2,3
5033,ok,,2,3
5038,ok,,3,7
5041,ok,,2,3
5043,ok,,2,3
5050,ok,,2,3
5052,ok,,3,7
5053,ok,,2,3
5055,ok,,2,3
5058,ok,,2,3
5070,ok,,3,7
5077,ok,,2,3
5080,ok,,3,5
5083,ok,,2,3
5084,ok,,2,3
5098,ok,,2,3
5101,ok,,3,7
5119,ok,,3,7
5120,ok,,2,3
5123,ok,,3,7
5126,ok,,2,3
5134,ok,,2,3
5135,ok,,2,3
5138,ok,,2,3
5142,ok,,2,2
5151,ok,,2,3
5154,ok,,2,3
5156,ok,,2,3
5172,ok,,2,3
5175,ok,,2,3
5177,ok,,2,3
5179,ok,,3,7
5180,ok,,2,3
5181,ok,,2,3
5182,ok,,2,3
5184,ok,,2,3
5188,ok,,2,3
5209,ok,,2,2
5213,ok,,2,3
5219,ok,,2,3
5220,ok,,2,3
5224,ok,,2,3
5236,ok,,2,3
5242,ok,,2,2
5244,ok,,3,7
5263,ok,,2,3
5266,ok,,2,2
5267,ok,,2,2
5269,ok,,2,3
5274,ok,,2,3
5284,ok,,2,3
5285,ok,,2,2
5300,ok,,2,3
5308,ok,,2,3
5311,ok,,2,2
5317,ok,,2,3
5321,ok,,2,3
5326,ok,,2,3
5335,ok,,2,2
5336,ok,,2,3
5341,ok,,3,7
5343,ok,,2,3
5349,ok,,2,3
5350,ok,,2,3
5358,ok,,2,3
5362,ok,,2,3
5373,ok,,2,3
5380,ok,,3,7
5382,ok,,2,3
5384,ok,,2,3
5388,ok,,2,3
5389,ok,,2,3
5404,ok,,2,3
5408,ok,,2,3
5411,ok,,3,7
5434,ok,,2,3
5436,ok,,2,3
5441,ok,,2,3
5443,ok,,2,3
5444,ok,,3,5
5446,ok,,2,3
5450,ok,,2,3
5460,ok,,2,3
5469,ok,,2,3
5470,ok,,2,3
5474,ok,,2,3
5478,ok,,2,2
5485,ok,,2,3
5486,ok,,2,3
5490,ok,,2,3
5493,ok,,2,3
5531,ok,,2,2
5536,ok,,2,3
5541,ok,,2,3
5549,ok,,2,3
5561,ok,,2,3
5572,ok,,2,3
5573,ok,,2,3
5574,ok,,2,3
5575,ok,,2,3
5576,ok,,2,3
5581,ok,,2,3
5611,ok,,2,3
5618,ok,,2,3
5621,ok,,2,3
5633,ok,,2,3
5649,ok,,2,3
5652,ok,,3,7
5658,ok,,3,7
5662,ok,,3,7
5665,ok,,2,3
5668,ok,,2,3
5670,ok,,2,3
5677,ok,,2,3
5684,ok,,2,3
5687,ok,,2,2
5689,ok,,2,3
5695,ok,,2,3
5696,ok,,2,3
5706,ok,,2,3
5717,ok,,2,3
5720,ok,,2,3
5731,ok,,2,3
5733,ok,,2,3
5737,ok,,2,2
5746,ok,,2,3
5750,ok,,2,2
5759,ok,,2,3
5780,ok,,2,3
5795,ok,,2,3
5809,ok,,2,3
