dataset,quantity,n_total_after_far_filter,n_in_view,gauss_mean_mm,gauss_fwhm_mm,gauss_std_mm,fit_ok,hist_range_mm,binwidth_mm
"14O(alpha,alpha) 300 Torr",dx,2634,2633,0.019664100195293067,0.9149256939335207,0.38853316875579796,True,5.0,0.075
"14O(alpha,alpha) 300 Torr",dy,2634,2634,0.00016934477329345494,0.4110904897831384,0.17457405743424373,True,5.0,0.075
"14O(alpha,alpha) 300 Torr",dz,2634,2541,-0.045049136628014665,1.454605972199164,0.6177142815170678,True,5.0,0.075
"14O(alpha,alpha) 400 Torr",dx,2638,2635,0.014506179867546359,1.0209292882675947,0.43354875054479786,True,5.0,0.075
"14O(alpha,alpha) 400 Torr",dy,2638,2638,-0.0030127796873555875,0.4277972179308065,0.181668751647987,True,5.0,0.075
"14O(alpha,alpha) 400 Torr",dz,2638,2507,-0.03257942993963967,1.5169700876191288,0.6441978829083429,True,5.0,0.075
"14O(alpha,alpha) 580 Torr",dx,2638,2633,0.026899981534234816,1.2937040012140804,0.5493855056826987,True,5.0,0.075
"14O(alpha,alpha) 580 Torr",dy,2638,2636,-0.001986755167965077,0.4573975662499691,0.194238862209944,True,5.0,0.075
"14O(alpha,alpha) 580 Torr",dz,2638,2447,-0.015942643005677604,1.9317373504055233,0.8203333220757951,True,5.0,0.075
"14O(p,p) 500 Torr",dx,2640,2639,0.017260365559686144,0.8206284423838659,0.34848881303108914,True,5.0,0.075
"14O(p,p) 500 Torr",dy,2640,2640,0.0009203619380528328,0.26497311549827113,0.11252372174293733,True,5.0,0.075
"14O(p,p) 500 Torr",dz,2640,2595,-0.026445293007508655,1.4669956856755173,0.6229757083945314,True,5.0,0.075
