feature,importance
nonparallel_score,0.10366419740819176
static_max_pca_axis_beta_abs,0.06193903244948162
static_mean_pca_axis_beta_abs,0.04374602341751738
pair_angle_deg,0.04140537327319572
static_beta_mean_sep_deg,0.03192033749746742
current_hough_score_like,0.027691728262452413
static_max_beta_rms_deg,0.027232837242236133
candidate_score,0.02488963175460059
static_mean_beta_rms_deg,0.018652340135612774
static_max_branch_resid_rms_mm,0.018243500868465202
bmeleton_intersection_score,0.015865355647905453
static_mean_branch_resid_rms_mm,0.015809038703382374
static_alpha_mean_sep_deg,0.01509711980432349
candidate_source_bmeleton_merged_intersection,0.014853115526886295
static_mean_pca_linearity,0.014580000882714496
pair_closest_approach_mm,0.013973084161964931
static_max_alpha_asym90,0.013714359569450486
static_mean_beta_std_deg,0.013433671220616122
line1_static_beta_width68_deg,0.01274193673322826
line1_static_beta_width90_deg,0.010384883738980914
static_min_pca_linearity,0.010106531211011575
static_max_branch_resid_median_mm,0.009954164514095748
static_max_beta_std_deg,0.009731286535364782
static_min_beta_std_deg,0.00946602483265139
static_mean_branch_resid_median_mm,0.009435581448579892
line2_static_beta_width68_deg,0.009273882443152099
static_mean_alpha_asym90,0.009024676708147276
line1_static_pca_axis_beta_abs,0.00871655018792477
static_mean_pca_minor_width_deg,0.008519488624450877
line2_static_pca_axis_beta_abs,0.007490894372852117
static_min_pca_axis_beta_abs,0.007354447386263052
static_min_pca_minor_width_deg,0.00733766605755758
static_min_beta_rms_deg,0.00731798513712911
line2_static_beta_width90_deg,0.007267436249844595
static_max_pca_linearity,0.00594001893944096
candidate_source_bmeleton_final_refit_vertex,0.005773871914491603
static_min_kept_fraction,0.005589088494793066
static_mean_kept_fraction,0.005200905814148846
static_max_pca_minor_width_deg,0.005011857709165152
line1_static_alpha_asym90,0.00478693297509815
static_min_branch_resid_rms_mm,0.0047471966580328534
static_candidate_z_mm,0.004487899932000979
line1_static_branch_resid_max_mm,0.004250717868135056
static_max_alpha_asym68,0.004057474953572521
static_max_kept_fraction,0.003980534218929713
line2_static_branch_resid_rms_mm,0.003872056611931332
line2_static_branch_resid_max_mm,0.0038221774833406535
line1_static_branch_resid_rms_mm,0.0037502940558664325
line2_static_alpha_asym90,0.003742265704381162
static_min_branch_resid_median_mm,0.0036829620613449045
line2_static_beta_rms_deg,0.0036768082045921385
static_min_alpha_asym90,0.0036711810779404197
line2_static_branch_resid_median_mm,0.0036613903973738535
static_mean_alpha_asym68,0.0035734048948672385
line1_static_beta_std_deg,0.0035528767760460503
line2_n_points,0.003537337480931319
refit_shift_from_original_candidate_mm,0.0034967126679154646
static_mean_radial_width68_mm,0.003494496383592129
bmeleton_final_candidate_score,0.003446188649654477
static_mean_n_points_kept,0.0033920994772276714
static_support_balance,0.0033895172761252736
line1_static_beta_rms_deg,0.003353577070905913
static_candidate_abs_x_mm,0.0033486341762295
line2_n_header,0.0033372588893840786
static_min_n_points_kept,0.003318435470591038
line2_static_kept_fraction,0.003278143594261388
line1_static_alpha_asym68,0.003266549053562863
static_support_total,0.0032455461801304004
line2_static_pca_linearity,0.0032076232854398056
line1_static_branch_resid_median_mm,0.003203591908762949
line2_static_beta_std_deg,0.0031532719263580853
line2_static_side_fraction,0.0031387283131276687
static_candidate_abs_y_mm,0.0030822385750799673
static_min_alpha_asym68,0.0030706541687835066
line2_static_alpha_asym68,0.0030364728770413273
static_candidate_r_xy_mm,0.003022930999394517
line1_static_pca_linearity,0.0030000573109729258
static_min_radial_width68_mm,0.0029956477358263197
line1_static_alpha_skew,0.002919476697991779
line2_static_alpha_skew,0.002845697666817381
static_max_alpha_width68_deg,0.002799913022789864
line2_static_alpha_mean_deg,0.002716511235403566
line2_static_beta_mean_deg,0.002695299958930149
line1_static_alpha_mean_deg,0.0026809210418791384
line2_static_hough_vs_branch_angle_deg,0.002675059010125261
line1_static_beta_mean_deg,0.00267171739991977
line1_static_pca_minor_width_deg,0.002619054889692746
line2_static_pca_minor_width_deg,0.002607402327740867
line1_static_hough_vs_branch_angle_deg,0.002590194347769619
static_max_branch_angle_rms_deg,0.0025105590567546447
static_mean_alpha_width68_deg,0.0024813601161987383
static_min_alpha_width90_deg,0.0024642000666278783
static_max_alpha_width90_deg,0.002451548979716357
static_min_branch_angle_median_deg,0.0024322496519459955
parent_candidate_id,0.0024226609956004533
line1_n_points,0.002399473529417021
line1_n_header,0.002395632016884391
static_min_radial_median_mm,0.00236065613541185
line1_static_side_fraction,0.0023534661167025606
static_mean_branch_angle_rms_deg,0.0023290176612304216
static_max_branch_angle_median_deg,0.0023267647773597246
static_min_alpha_width68_deg,0.0023255682964840253
static_max_radial_width68_mm,0.0023246118144548077
static_max_n_points_kept,0.0023241228519386187
line1_static_kept_fraction,0.002312595725858785
static_mean_radial_median_mm,0.0023059157540120303
static_mean_alpha_width90_deg,0.0022793528577610142
static_mean_branch_angle_median_deg,0.002254023252266077
static_min_alpha_rms_deg,0.002219067142637364
static_min_alpha_std_deg,0.0022160540678965606
static_max_radial_median_mm,0.002204376418127386
static_min_branch_angle_rms_deg,0.002200781378419223
static_min_pca_major_width_deg,0.0021985629504786674
static_max_pca_major_width_deg,0.0021691700143057374
line2_static_far_endpoint_is_end,0.002137273572915055
static_mean_pca_major_width_deg,0.002085025123575197
bmeleton_final_vertex_radius,0.0020068732321707064
static_max_alpha_std_deg,0.0019702830885868026
static_max_alpha_rms_deg,0.001968701175090301
static_mean_alpha_std_deg,0.001950663203342424
static_mean_alpha_rms_deg,0.0019489937516403114
line2_static_n_points_total,0.0019481818709813008
line2_static_n_points_side,0.001943322611878652
line2_static_alpha_width90_deg,0.0019410379072918782
line2_static_n_points_kept,0.0019390653443284338
line2_static_alpha_width68_deg,0.001930067402374564
line2_static_radial_median_mm,0.001887608126453738
line1_static_alpha_width90_deg,0.001879677132012743
line2_static_branch_angle_median_deg,0.0018462343722457863
line2_static_radial_width68_mm,0.0018309098739318097
line1_static_branch_angle_rms_deg,0.0018219292647631885
line1_static_alpha_width68_deg,0.0018059398573274613
line1_static_n_points_total,0.0018018583470899466
line2_static_branch_angle_rms_deg,0.001792789486546961
line1_static_radial_median_mm,0.001773697538864593
line1,0.0017711716349960755
line1_static_line_num,0.001769025714273727
line1_static_branch_angle_median_deg,0.0017686837333960633
line1_static_radial_width68_mm,0.0017413610599170163
line1_static_n_points_kept,0.0017147998656395688
line1_static_n_points_side,0.0017144194540477666
line2_static_pca_major_width_deg,0.0017122860692242675
line1_static_pca_major_width_deg,0.0017092658998272457
line2_static_line_num,0.0016968830023667602
line2,0.001679503830625038
line2_static_alpha_rms_deg,0.0016732138588730662
line2_static_alpha_std_deg,0.0016542120176085597
line2_static_branch_len_mm,0.0016454258506704172
line1_static_alpha_rms_deg,0.0016239219909685509
line1_static_alpha_std_deg,0.0016072562885760546
line1_static_branch_len_mm,0.0016061396619699003
parent_pair_closest_approach_mm,0.0014091903826861716
line2_angle_change_deg,0.0013399280339850819
bmeleton_intersection_id,0.001310526961242348
line1_angle_change_deg,0.0013092154433612386
line1_static_far_endpoint_is_end,0.001135008190209511
line2_resid_rms_mm,0.0010822941257516972
line1_resid_rms_mm,0.000979562247900043
line2_resid_median_mm,0.0008830969792128781
line1_resid_median_mm,0.000844052463977672
line2_support_n_after_veto,0.0006279497168661254
line1_support_n_after_veto,0.0006271356343223705
line2_support_n_after_side,0.0006264201018929145
line2_support_n,0.0006231738749289611
line2_support_n_after_tube,0.0006207190235016268
line1_support_n_after_side,0.0006170747049715973
line1_support_n_after_tube,0.0006148345929142613
line1_support_n,0.0006147914581909674
line1_far_endpoint_end,0.0005549536697522473
line2_far_endpoint_end,0.0004655421553950003
line1_far_endpoint_start,0.00023975440363093153
line2_far_endpoint_start,0.00023074063533629253
line1_refit_reason_ok,0.0001761376279196853
candidate_source_bmeleton_merged_pivot_refit_both,0.0001734578495239396
line2_refit_reason_ok,0.00016669054495212736
line2_refit_reason_nan,0.00016632855161442366
line1_refit_reason_nan,0.00016543451460799204
line2_far_endpoint_nan,0.0001564042569464562
line1_far_endpoint_nan,0.00015184519677186807
static_feature_status_ok,8.316822042621591e-05
static_feature_status_missing_line,7.477841537634495e-05
bmeleton_final_n_vertex_lines,6.72343533983064e-05
pair_nearly_parallel,0.0
line1_refit_valid,0.0
line2_refit_valid,0.0
bmeleton_final_vertex_id,0.0
